"contractor_id","contractor_name","phone","email","project_cost","start_date","end_date","project_count","payment_terms","project_id"
"1","Scott-Wilson","470-774-3450x0856","dstout@chan.org","3095747.64","2023-04-14","2027-06-22","37","Advance","13"
"2","Wade-Perez","001-497-298-2561x882","rivasjerry@watkins.com","6399809.16","2022-08-24","2030-02-13","37","60 days","64"
"3","Brewer, Nichols and Jones","2693758616","michelle02@wheeler.com","2816658.28","2023-02-27","2026-11-08","14","Milestone","47"
"4","Hodges PLC","(338)928-3916x86484","lclark@taylor.info","1917096.95","2021-05-20","2025-08-27","18","30 days","145"
"5","Malone-Fletcher","458-389-0085x45231","amy42@hicks.org","2549751.88","2022-07-28","2034-08-24","27","Milestone","42"
"6","Brooks-Horton","+1-545-210-3216x2552","rthompson@smith.com","3573218.55","2023-09-13","2035-12-09","9","Advance","10"
"7","Williams-Castaneda","270.361.2202","philip92@peterson.com","1791053.37","2022-03-08","2025-01-21","3","Milestone","36"
"8","Gould LLC","904-658-4911","hebertthomas@murray.info","4899812.85","2021-03-25","2032-08-24","11","Milestone","8"
"9","Day-Bryant","+1-892-392-4259","dmartinez@hernandez.org","7085252.7","2023-05-08","2028-05-11","12","Advance","94"
"10","Little-Ferguson","+1-555-698-0206","ecole@medina-frazier.org","4804134.98","2022-04-21","2035-08-11","23","Milestone","179"
"11","Smith-Martin","260-805-0822x6107","pgarrett@scott.net","3628679.63","2023-01-13","2029-02-10","23","Advance","80"
"12","Hughes Ltd","(891)587-3925","tyler55@moreno.biz","6395263.25","2021-10-13","2033-06-12","33","60 days","137"
"13","Roberts, Mason and Taylor","425-672-2006x76613","ryanbonnie@carr.com","6009505.12","2023-02-22","2039-05-29","10","30 days","62"
"14","Logan, Koch and Oliver","(203)634-8270x4514","shardy@pearson.net","2999759.16","2021-04-13","2036-10-21","7","Milestone","78"
"15","Washington-Moreno","629.266.7356x2633","connermolly@kelley.com","4872812.42","2023-08-13","2030-08-06","17","Advance","46"
"16","Harris, Phillips and Beard","(642)747-9144x34619","vicki28@charles.com","5865758.6","2021-04-20","2023-11-06","11","30 days","66"
"17","Oneill, Smith and Walker","(729)503-0838","brownjasmine@gonzales.com","2039159.74","2023-04-21","2037-05-07","32","60 days","176"
"18","Washington-Hunt","(573)676-8874","samanthagallagher@smith.com","2993563.64","2022-01-31","2030-03-20","17","Milestone","126"
"19","Murphy, Hernandez and Dunlap","+1-470-666-2297x683","frodriguez@price.info","935630.96","2022-08-21","2035-06-14","32","30 days","180"
"20","Allen-Chen","625-868-2113x80847","claytonjesus@evans.net","7902674.2","2022-01-10","2031-05-23","37","Milestone","132"
"21","Wells Inc","+1-681-976-8974x17708","ehanson@ortega-wilson.com","778433.44","2021-08-24","2036-12-03","33","30 days","153"
"22","Moore, Mooney and Maldonado","245-741-5689x571","cking@morris.com","1431988.39","2022-01-20","2029-12-09","31","60 days","178"
"23","Palmer Group","823-421-1947x8074","igonzalez@george.com","3890672.4","2023-08-30","2035-09-26","28","30 days","34"
"24","Brown-Lynn","854-399-6464","lori47@diaz-rodriguez.com","6935647.49","2021-05-09","2033-05-06","32","30 days","83"
"25","Flores-Fuentes","311.693.8879x677","shawn79@davis.com","2911467.98","2021-07-12","2027-04-12","39","Milestone","61"
"26","Brown-Smith","325.507.8674x791","daynathan@taylor-saunders.com","6171909.57","2022-10-16","2033-10-18","10","60 days","151"
"27","Fletcher-Sanchez","340.403.6200x153","iwilson@morris.org","5440669.18","2023-07-23","2031-07-11","3","60 days","108"
"28","Mendoza-Price","937-235-4381x5681","zwagner@brooks.net","5145446.21","2022-02-10","2035-03-04","14","Milestone","77"
"29","Bradley-Harris","(851)295-9961","smithtracy@webster-soto.com","6775636.28","2022-10-02","2028-07-02","13","30 days","27"
"30","Huff, Butler and Miller","(475)433-9245","sandrasuarez@bell-adkins.org","211945.29","2022-07-05","2032-06-12","37","60 days","155"
"31","Serrano, Johnson and Williams","9366130817","torresamy@bridges.com","7440309.0","2021-01-21","2026-04-25","24","60 days","28"
"32","Steele-Andrews","001-996-752-3596x23047","jennifer32@boyd-richardson.com","6650886.82","2021-03-21","2033-05-17","21","Advance","32"
"33","Mitchell, Simpson and Sanchez","001-972-765-6331x530","erik61@gutierrez.org","7509151.04","2023-02-20","2026-08-03","10","30 days","167"
"34","Simpson-Brooks","275.437.4694x2350","corey22@crosby.biz","6369344.28","2020-11-10","2033-01-06","1","60 days","48"
"35","Perez Ltd","854.351.3685","pjohnson@miller-valenzuela.com","7040872.12","2023-08-24","2034-09-25","29","60 days","119"
"36","Burns and Sons","(666)767-6526","dennis17@wagner-brown.com","1704316.58","2021-04-27","2030-09-07","22","Milestone","151"
"37","Guzman, Martin and Smith","(454)416-3631x33435","ashley97@carter.org","2621909.63","2023-07-30","2039-04-07","36","Advance","145"
"38","Jones PLC","476.855.6287x0073","miguel78@johnson-harris.com","2590246.01","2021-05-11","2034-06-02","31","Milestone","127"
"39","Rodriguez Inc","(628)207-9184","hernandezstephanie@browning.biz","962417.29","2021-11-24","2036-04-09","34","Advance","154"
"40","Baldwin-Chavez","558.507.7313x43517","cheryl57@anderson.info","5863676.12","2021-01-17","2033-04-14","35","30 days","164"
"41","Smith LLC","+1-203-251-2991x183","hgeorge@james-manning.com","1175750.05","2022-11-03","2025-07-20","30","Advance","67"
"42","Gibson-Gilbert","001-901-319-1112x876","estradakrystal@sullivan.com","514822.41","2023-08-20","2030-10-12","2","30 days","128"
"43","Diaz LLC","001-277-772-8994x741","ann54@lopez.com","6226030.27","2021-11-21","2037-01-31","21","Milestone","37"
"44","Hawkins Ltd","541.217.7035","ronniesmith@ayala.com","7246839.04","2023-02-19","2027-01-29","7","Milestone","52"
"45","Deleon, Garner and Johnson","(316)601-9365x116","edwardschristopher@gibbs.info","6136574.45","2023-05-15","2026-07-28","6","Milestone","49"
"46","Berry, Rodriguez and Lee","+1-794-901-2355","phillip75@kim.info","6620282.48","2021-08-06","2027-09-04","19","60 days","7"
"47","Medina-Hawkins","(601)720-1425","hallsheila@santos-wagner.biz","4805411.25","2021-10-19","2024-06-05","18","60 days","173"
"48","Jimenez, Adams and Marshall","+1-320-628-0720","howelltara@calderon-wilson.org","7113196.07","2020-12-28","2028-01-21","22","Milestone","71"
"49","Hale Ltd","596.375.6732","cody87@burgess.com","4023957.51","2022-03-02","2034-05-28","4","Milestone","21"
"50","Fischer-Fisher","391.880.3429x559","edwinburke@williamson-walter.com","7907748.69","2023-04-12","2030-04-05","22","Advance","109"
"51","Gallagher Ltd","439-415-5143","melanie50@davis.net","916978.84","2021-10-07","2029-01-28","5","60 days","169"
"52","Gordon, Kramer and Brown","771-506-2966x4118","egarcia@mays.com","6492527.58","2022-05-04","2027-11-04","8","Milestone","146"
"53","Mosley-Sandoval","001-654-696-9105","george62@henry.com","5166976.39","2023-05-30","2036-10-18","35","60 days","111"
"54","Glover PLC","754.462.0311x806","deannaduffy@owen-jones.biz","4687103.94","2021-06-19","2026-12-20","31","60 days","75"
"55","Hill-Simon","(891)541-1975","gibsonreginald@hall-silva.info","5833903.19","2022-04-27","2029-09-17","6","Advance","62"
"56","Salinas Group","001-499-619-1504x88604","brian35@lewis-thompson.com","6738303.09","2021-05-11","2034-05-03","6","Advance","13"
"57","Rodriguez, Burnett and Delgado","503.896.0488x139","emiller@hughes.com","6916784.13","2021-11-12","2037-09-19","19","Advance","94"
"58","Patton, Barton and Mays","569-651-9679x9890","miguelcoleman@wilson.com","1485509.61","2023-03-18","2031-07-04","36","Advance","70"
"59","Mason, Pierce and Daniel","313.656.4313x672","whitakermichael@sutton.com","1656583.85","2020-12-25","2033-09-18","25","60 days","86"
"60","Rowland and Sons","+1-676-589-6681x473","zthompson@miller.com","227715.43","2023-01-21","2026-06-04","37","Advance","48"
"61","Smith-Allen","+1-838-657-6513","morrisonsara@holland-buckley.com","1141555.42","2022-01-14","2034-03-12","23","Advance","28"
"62","Hodges Group","(494)829-7934x3177","katherine48@morris-rodriguez.net","2184671.69","2021-03-16","2024-05-29","13","30 days","63"
"63","Nunez, Griffin and Frank","859.348.8037x7188","walshrandy@ray.biz","5796183.0","2023-06-11","2031-04-30","30","Advance","98"
"64","Martinez, Fernandez and Carter","934.450.3148x12161","hstevenson@johnson.com","3858563.32","2021-03-09","2031-03-17","40","60 days","173"
"65","Jones, Ferguson and Love","+1-893-440-0196x68481","marissawilliams@collins.com","6087437.93","2023-07-03","2027-09-10","30","60 days","132"
"66","Jennings Group","+1-383-565-6198x6655","wayne42@fox-rodriguez.com","3943633.2","2022-10-04","2028-04-05","35","Milestone","85"
"67","Rodriguez Group","(851)718-1617x3058","phyllisarnold@jones-davis.info","4489219.88","2020-10-25","2036-03-05","24","Advance","174"
"68","Johnson-Thompson","001-683-399-6183x79181","travis58@leonard-merritt.com","977426.03","2023-06-11","2031-07-29","5","60 days","61"
"69","Powell, Beck and Lee","2076915888","maria36@fisher.info","6234810.45","2023-09-16","2037-06-04","40","Advance","62"
"70","Barnes LLC","920.639.2235x042","qhodges@turner.biz","6089199.6","2022-10-05","2033-10-07","35","60 days","112"
"71","Lane, Norman and Poole","636-229-7898x216","martinsummers@brown.com","2529736.57","2021-06-12","2024-02-27","20","60 days","168"
"72","Gonzalez-Ramos","342.931.5060","lawsonjohn@austin.com","2695766.81","2022-08-09","2033-05-13","11","Advance","127"
"73","Diaz-Johnson","(777)757-5744x37179","anthony57@williams.net","1835483.46","2021-06-04","2024-08-17","29","60 days","136"
"74","Riddle Ltd","001-704-234-6764x0859","darrell34@williams-ellis.info","6529333.44","2023-05-31","2034-03-04","27","Milestone","6"
"75","Clark-Smith","+1-688-767-1192x9054","wpatel@reynolds-smith.com","6001353.74","2021-09-07","2030-08-21","5","Advance","48"
"76","Morris and Sons","+1-582-822-7703x6504","johnsonmichael@hunt-marsh.com","4912267.13","2021-12-11","2034-03-08","22","60 days","48"
"77","Woods Ltd","581-470-1179x50754","edwin11@myers.biz","1986694.61","2022-09-11","2035-07-05","30","30 days","30"
"78","Ruiz Ltd","546-735-4263","diane74@allen.org","1457641.33","2022-08-28","2029-02-22","40","60 days","129"
"79","Braun, Edwards and Travis","949.761.0464","keithamanda@zamora-west.com","497123.92","2022-07-18","2031-04-02","37","Milestone","146"
"80","Lewis, Lawrence and Grimes","569-558-3859","randall50@jones-hill.com","460330.71","2023-09-28","2036-04-22","33","Milestone","77"
"81","Graham LLC","547-707-0732","hillcristina@green-jones.net","1578375.5","2022-10-29","2031-04-15","27","30 days","35"
"82","Collins and Sons","286.444.4179x958","sheilacline@yates.biz","894207.01","2021-03-18","2031-11-21","36","30 days","82"
"83","Howell LLC","+1-413-392-2163x113","eprice@stevenson.info","4493250.62","2022-03-06","2031-12-14","36","60 days","60"
"84","Hernandez, Wang and Carter","001-748-640-8016","david71@bates.net","2928912.01","2023-01-31","2026-07-14","23","30 days","146"
"85","Garcia, Hebert and Khan","(831)965-6880x644","michellerodriguez@smith.com","3615071.68","2021-11-04","2024-12-18","16","Milestone","145"
"86","Shields-Miller","685-747-3302","vickiepowers@king.com","4793130.75","2022-04-16","2038-02-21","11","30 days","91"
"87","Cardenas, Pham and Decker","(524)693-6907x6833","lcontreras@cross.com","5306903.79","2022-06-04","2036-07-20","40","30 days","172"
"88","Taylor Ltd","280-905-8636x43547","chaveztammy@daniels-hall.com","5220793.59","2023-07-23","2030-03-18","26","30 days","59"
"89","Garcia-Kelley","(357)691-4770x22659","kristen22@white-mckenzie.info","2160767.04","2022-01-17","2035-01-09","35","30 days","97"
"90","Wagner-Howard","323-295-1145x88606","anna73@hanson-walsh.com","6496053.46","2022-09-12","2027-09-16","31","Milestone","113"
"91","Rush, Simmons and Moore","(269)478-2514","thomas45@paul-ewing.info","7349906.39","2021-04-03","2035-09-17","20","60 days","44"
"92","Morgan-Pittman","820-210-9238","jeffrey25@johnson.com","2595912.94","2021-02-06","2024-09-18","2","Advance","93"
"93","Mcdonald, Bauer and Mendoza","7939632586","rita14@duffy.com","234816.79","2020-12-06","2033-09-29","18","30 days","73"
"94","Bailey Inc","213.503.4477","pamela94@curtis.com","7203318.07","2022-11-02","2031-10-16","11","30 days","36"
"95","Murray-Wallace","950-237-6662","daniellemorris@sanchez.com","7396034.99","2021-09-26","2030-04-12","28","30 days","126"
"96","Richard-Rush","325-779-4726x0533","joseph74@morris.com","502476.88","2021-03-01","2037-01-06","19","Milestone","28"
"97","Lynch, Hale and Baker","001-423-545-7746x434","paulgilbert@williams.com","139157.08","2022-05-25","2029-04-18","2","60 days","124"
"98","Singh, Mathews and Adams","(243)223-6235","chrisjohnson@nguyen.com","6549597.79","2023-04-15","2032-05-27","9","Advance","166"
"99","Myers LLC","790-577-2442","earias@sawyer-nelson.info","2481560.5","2021-07-12","2027-11-08","39","30 days","68"
"100","Mckinney-Peterson","(900)984-0791x6224","wpennington@fitzgerald.biz","7325199.12","2023-03-25","2026-09-05","20","Advance","56"
"101","Marquez, Snyder and Holmes","001-599-848-7245x397","sharigonzalez@ellis.biz","1812274.23","2021-07-02","2033-05-30","31","Advance","147"
"102","Jordan, Lambert and Grant","738.364.2376","holmesjessica@meyer.com","6903121.47","2021-05-12","2025-05-21","28","Advance","124"
"103","Nichols, Moore and Taylor","+1-238-341-7970x76642","vmorris@hubbard-barrett.com","642289.73","2020-12-30","2028-07-21","17","60 days","5"
"104","Wolfe Inc","5214204076","matthewlewis@hill.biz","2159031.09","2021-06-02","2035-01-20","34","30 days","157"
"105","Larson, Lozano and Turner","(223)794-2999x1347","rachel72@morris.com","7787718.15","2023-02-03","2031-05-22","17","30 days","137"
"106","Moore Group","(850)427-9869x65022","maxrichards@mckay-hines.com","1926453.57","2022-08-24","2029-07-18","17","30 days","9"
"107","Cooke-Lane","001-942-349-2720x258","jamiehines@wilson.biz","1150802.57","2023-07-29","2031-08-16","39","60 days","155"
"108","Stewart-Lyons","705-451-4696x7830","erinbaker@james.info","6870731.75","2022-01-27","2033-06-28","12","Milestone","142"
"109","Graham Ltd","+1-892-310-5270","urose@kidd.info","1030626.25","2022-04-13","2037-10-21","8","30 days","21"
"110","Osborn PLC","630.542.2674x580","cookmeghan@daniel.biz","869903.26","2023-06-27","2037-11-10","5","Advance","102"
"111","Thompson PLC","+1-439-586-1897","edgar44@warren.org","2655058.56","2022-09-01","2035-07-25","30","Advance","174"
"112","Morris, Roberson and Nixon","(431)997-8433x2594","hjohnson@johnston.net","5119095.2","2021-09-30","2025-12-08","20","30 days","101"
"113","Jordan Ltd","5289832826","zolson@gray.net","5714896.35","2021-10-05","2027-01-07","15","60 days","93"
"114","Wood, Cunningham and Acevedo","+1-339-243-7623x020","brenda66@hardin.com","7061786.39","2022-09-14","2034-02-13","30","Milestone","27"
"115","Friedman, Harris and Hamilton","(394)577-4318x62007","trancharles@goodman.com","4373201.06","2023-03-14","2036-10-31","18","30 days","159"
"116","Gross-Donaldson","001-884-343-5710x3674","stephaniesherman@nixon.com","3208000.52","2023-09-17","2033-12-23","11","Advance","134"
"117","Newman, Sanford and Garcia","001-414-755-3193","careyheidi@brown.com","2934786.72","2021-01-18","2034-04-10","5","30 days","33"
"118","Krueger, Munoz and Howell","501.473.7492","phillipskristi@bennett.com","6790531.55","2021-02-13","2033-06-10","9","Advance","117"
"119","Bates Group","616-423-5076","steven62@avila.biz","5818140.94","2022-03-14","2033-07-14","29","Advance","155"
"120","Lee-Shelton","001-383-210-8219x010","wyang@cooper.com","7252889.21","2021-02-10","2035-12-24","30","Milestone","47"
"121","Sherman, Bartlett and Huff","348-388-9074x763","kbrennan@ramsey-wagner.info","7715880.1","2022-04-11","2035-06-02","40","Advance","74"
"122","Sawyer-Harrison","9879593936","pmoreno@johnson-knight.com","2470401.61","2021-02-01","2026-01-06","11","60 days","85"
"123","King-Glenn","+1-423-582-3911x6007","vmurphy@harrison.com","4284425.54","2021-02-09","2035-08-25","4","Milestone","115"
"124","Craig LLC","651-468-9502","brentfowler@becker.com","5091384.38","2021-05-18","2035-02-04","31","Advance","109"
"125","Lucas and Sons","256-774-8213","ysmith@anderson-peters.net","1394406.68","2023-04-08","2030-10-28","33","60 days","58"
"126","Horne, Greene and Johnson","(250)826-0685x756","jeffrey36@huber.com","521441.57","2022-12-15","2037-10-27","12","30 days","67"
"127","Kramer, Galloway and Mcknight","(522)582-2343x629","gklein@park.com","6955334.92","2023-02-04","2034-05-07","18","Milestone","143"
"128","Christensen and Sons","(679)504-1378x889","marieroberts@hill.org","4330635.73","2020-12-26","2029-02-12","11","Milestone","102"
"129","Baker, Lynn and Gallegos","678.238.5886","calvingreen@hale.com","4609116.31","2021-06-26","2024-06-10","4","Milestone","83"
"130","Peters and Sons","001-407-338-1162","qcunningham@armstrong-spencer.org","4483823.33","2022-08-16","2025-10-29","23","Milestone","165"
"131","Perry LLC","+1-978-265-8124x91269","dustinjenkins@davis.com","6064189.57","2023-02-03","2036-08-23","10","30 days","60"
"132","Rich, Pierce and Vaughan","001-870-605-1072x63150","ricardo43@medina.com","1249465.36","2022-01-16","2026-10-22","38","60 days","12"
"133","Harris, Chambers and Khan","946.361.0672x682","amypatel@foster-hanna.biz","4950982.68","2021-07-15","2024-01-31","38","30 days","58"
"134","Phillips, Choi and Bradford","470-924-2286","dianaking@jackson.com","3808888.14","2021-01-11","2027-03-11","39","Milestone","32"
"135","Lyons Ltd","370-675-1663","mariahjohnson@jacobson.org","7185969.46","2022-10-07","2035-08-30","15","Milestone","54"
"136","Pacheco-Chavez","4553566482","keith34@bell.com","4205005.41","2021-05-18","2025-10-24","28","Advance","78"
"137","Rogers, Smith and Wood","001-690-296-2676x575","christine07@holmes.org","7549186.3","2021-07-07","2024-05-22","40","Milestone","46"
"138","Hudson-Perez","445-656-7037x40015","brooke10@holt.com","2890698.65","2022-11-04","2030-06-25","7","60 days","60"
"139","Gardner-Watts","(470)718-0993","griffinaaron@bradford.com","7738468.18","2022-09-27","2032-08-05","32","30 days","87"
"140","Mccoy, Vasquez and Rojas","697.440.3005","brianna73@rogers.com","7013747.79","2023-03-23","2027-10-28","1","Milestone","157"
"141","Alvarado, Davidson and Diaz","(780)202-1625","nrangel@robinson.info","4715679.99","2022-05-06","2034-01-03","20","60 days","54"
"142","Cunningham, Humphrey and Ortiz","(977)539-0635x637","tarajohnson@curtis.biz","2894308.47","2021-02-27","2028-12-17","37","60 days","60"
"143","Wilkerson Ltd","505-417-4518","gibsonjason@fletcher.biz","3069794.52","2022-01-04","2031-01-17","9","Milestone","103"
"144","Rivera-Watkins","551-836-4079","brewersteven@frost-sullivan.com","6204741.48","2022-05-27","2033-12-25","28","60 days","89"
"145","Davis-Norton","372.810.3591x780","madisonstout@coleman-mccoy.com","4686987.67","2023-01-07","2033-07-13","2","Advance","59"
"146","Stanley, Beard and Myers","+1-744-775-9696","joebuck@stevens-white.com","3272541.93","2021-05-22","2031-09-27","32","Milestone","150"
"147","Francis, Powell and Greene","+1-934-836-2900x4485","wilsoncaitlyn@pearson.com","5124834.2","2021-07-22","2034-03-16","15","Milestone","31"
"148","Miller, Jackson and Wise","490.677.6522","richard43@fox.net","5892543.84","2021-06-23","2029-04-12","21","Milestone","87"
"149","Conway, Wright and Coleman","001-300-626-3708x598","heather21@gray-miller.com","280914.05","2023-03-01","2027-01-09","35","Advance","60"
"150","Foster-Russell","533-562-9108","vwong@cox-rogers.com","809916.13","2022-01-03","2033-10-02","19","30 days","170"
"151","Reed PLC","927.873.4946x2051","hendersonmark@olson.org","846434.98","2020-11-22","2036-01-03","6","Advance","177"
"152","Evans Group","223-317-8360x60923","spearslinda@mitchell.com","1932277.06","2023-10-08","2040-02-11","31","30 days","63"
"153","Ross, Reed and Franklin","5944054718","davila@atkins.org","3473224.47","2021-03-04","2037-02-08","40","30 days","94"
"154","Williams, Powell and Schwartz","870.210.1315","michaelrichard@hughes.com","6448834.2","2021-02-08","2034-06-30","33","60 days","164"
"155","Saunders, Sullivan and Randolph","7912720453","nicholas08@hawkins.com","2873682.38","2020-12-01","2033-01-27","6","30 days","73"
"156","Smith Ltd","4056641357","heidi77@baker.info","238074.53","2020-10-19","2027-10-13","6","Advance","27"
"157","White, Villegas and Pierce","(625)342-6631","annette98@sanders.info","3918558.64","2023-09-06","2030-08-30","8","30 days","26"
"158","Combs Group","876.605.1836x6769","derickson@cortez-ford.com","7973365.9","2023-06-28","2031-10-14","3","Advance","116"
"159","Taylor-Stewart","762-955-5991x212","crystal34@smith.biz","2857265.87","2022-07-10","2030-08-27","29","Milestone","33"
"160","Smith-Jackson","+1-599-923-5467","barbara01@hunt-guerrero.com","7693910.7","2021-04-17","2036-03-29","9","Advance","2"
"161","Carr, Garza and Anderson","9894391999","wattskevin@sullivan.com","900626.54","2021-08-13","2035-11-28","22","Advance","18"
"162","Rose, Skinner and Collins","(732)736-7043x497","tony66@gill-ortiz.com","1467487.3","2022-08-26","2038-01-04","7","30 days","56"
"163","Scott Inc","703.413.2224x12471","kdavis@garza.org","5820564.35","2023-08-04","2036-06-26","9","30 days","56"
"164","Bowen Group","(551)970-3577","eileenarnold@cooke.com","4059578.35","2023-09-02","2029-06-02","15","30 days","131"
"165","Alvarado-Hammond","(252)395-8564x617","estespaul@scott.com","6144462.25","2022-04-04","2037-06-14","38","60 days","58"
"166","Walsh-Leonard","3543816624","tara52@brooks-mccall.com","6922110.93","2021-08-01","2032-06-04","33","30 days","103"
"167","Foster and Sons","922-600-0094","daniellopez@rivera-jennings.info","2083570.52","2022-12-01","2029-11-24","38","Milestone","162"
"168","Hoffman LLC","001-897-523-6840x102","johncooley@lawson.com","5494350.45","2021-10-11","2027-05-13","17","60 days","47"
"169","Allen, Gutierrez and Carter","984.372.8274","snydergregory@burke.com","4900049.77","2023-03-23","2030-02-14","38","30 days","22"
"170","Pena-Vargas","+1-446-423-8461","beckermadison@williams.biz","6906126.73","2021-09-29","2036-04-13","33","Milestone","21"
"171","Cross, Cox and Wright","9736667073","andersonrobert@miller.com","3497820.81","2021-06-12","2027-04-12","21","Milestone","174"
"172","Hernandez, Alvarado and Macdonald","366-287-6245","zlopez@hernandez.com","509776.4","2022-08-01","2030-06-20","4","30 days","130"
"173","Miller-Cook","001-672-979-0004x19305","nthompson@brooks.com","4636070.41","2023-08-27","2026-03-14","12","30 days","72"
"174","Jones Group","+1-286-994-0064x258","suttonmario@cochran-greer.info","7675138.72","2020-12-25","2037-03-01","35","60 days","119"
"175","Sexton LLC","001-939-770-2217","zunigatyler@miller.com","215586.32","2021-06-04","2033-08-30","38","Milestone","93"
"176","Smith-Rivera","+1-486-786-3389x454","ncarlson@davis-perkins.net","1998038.11","2022-04-01","2035-02-22","15","Milestone","50"
"177","Smith, Wilson and Richards","9232683921","vcoleman@martin.com","2596935.54","2021-03-29","2034-02-19","39","30 days","89"
"178","Rodriguez, Lamb and Watson","343.330.5746x1882","mcox@lewis.com","6150127.21","2022-12-16","2038-03-27","23","Advance","165"
"179","Welch-Davis","2418255661","jacksondarlene@reyes.info","2653887.69","2023-09-18","2029-02-18","14","Milestone","23"
"180","Holland, Carlson and Perkins","889-995-0369x741","pmiller@lin-dixon.org","1988762.52","2021-11-07","2037-01-17","11","Advance","126"
"181","Vega, Pearson and Stein","001-867-208-6648x62839","ryan58@anderson.org","5223608.31","2022-11-21","2033-02-26","1","30 days","74"
"182","Cook, Bruce and Green","+1-752-801-9978x61281","michelle97@allen.com","466601.78","2021-08-10","2024-10-23","10","30 days","93"
"183","Spencer-Hatfield","510-693-9762x458","jamescook@lyons-brown.net","1447715.19","2022-07-02","2025-07-16","7","Milestone","124"
"184","Black Ltd","(329)614-6982x86516","misty46@griffin-crawford.biz","3323438.81","2021-02-28","2030-09-09","29","Milestone","68"
"185","Daniels, Nichols and Morton","001-371-958-4691x759","richardblair@larsen.com","2909239.7","2021-08-19","2033-04-18","2","30 days","152"
"186","Guerrero, Martin and Navarro","706-556-2321x37558","brooke83@foster.com","2842609.97","2021-08-10","2034-11-30","7","60 days","33"
"187","Daniels-Allen","740-829-5863x62948","wesleymartinez@larson.com","957584.6","2023-03-14","2033-10-17","25","Advance","125"
"188","Smith, Garcia and Murphy","6729897359","khughes@reed-landry.org","2950636.15","2022-05-19","2028-10-14","34","30 days","54"
"189","Anderson-Norton","537-705-7357","msilva@elliott.org","6404142.9","2021-02-02","2033-04-30","26","Advance","67"
"190","Jackson-Miller","591.722.2192","georgekaren@wheeler.com","3369369.19","2021-04-03","2035-11-16","8","30 days","71"
"191","Ochoa, Williams and Burgess","550.326.5557x484","dmartin@ross.org","4730752.36","2021-06-09","2035-02-26","30","60 days","34"
"192","Gonzalez and Sons","862-629-2910","karenneal@tanner-byrd.com","1392277.33","2021-10-03","2036-12-13","11","60 days","63"
"193","Smith-Wheeler","001-741-828-2308","victor67@decker-smith.com","650719.77","2022-04-27","2034-11-20","29","30 days","43"
"194","White-Tapia","(284)694-4487x952","vhill@rogers.org","7051652.73","2021-05-08","2030-02-20","20","30 days","159"
"195","Barker LLC","+1-550-912-2463x4495","cmercado@robinson.com","2717843.51","2022-04-21","2030-07-08","33","Milestone","1"
"196","Stephens PLC","+1-780-646-2744x77946","kenneth10@chavez.biz","2867664.14","2020-10-27","2034-10-14","6","30 days","65"
"197","Daugherty Inc","+1-624-915-8599x1645","sarahdiaz@kim.info","7033734.01","2023-05-23","2031-12-07","36","Milestone","143"
"198","Hahn-Bowman","(935)458-0532x9811","nicolesmith@nguyen.info","5691393.66","2020-12-26","2035-08-10","2","60 days","145"
"199","Mcmahon, Carr and Wong","6905524496","robin98@charles.com","6074475.42","2022-12-17","2026-03-31","8","Milestone","102"
"200","Herrera-Brown","574.374.0033x980","qhill@barajas.com","5487827.52","2023-03-19","2038-09-26","36","60 days","2"
"201","Mason-Deleon","001-912-214-9015x9301","andrea96@bates.com","935758.73","2023-10-02","2035-12-28","40","30 days","170"
"202","Patel-Mitchell","001-759-446-5808x0938","longchristopher@schmidt-frank.biz","7668166.99","2022-03-20","2027-08-21","29","30 days","78"
"203","Alvarez, Warren and Robinson","882.749.1912x41269","carlsontina@cole.net","7282176.67","2023-06-27","2027-08-05","7","60 days","24"
"204","Black, Hill and Russell","207-893-5832x261","stevenwallace@bennett.net","1966139.0","2022-04-27","2038-05-03","7","30 days","131"
"205","Williams-Calderon","+1-896-981-0588x40318","coreyliu@james-thomas.com","6451554.11","2021-04-18","2037-06-23","37","30 days","108"
"206","Sanchez-Norman","001-815-547-6943x9000","nmorales@kelly.info","3334231.81","2022-12-13","2027-08-19","15","60 days","149"
"207","Flores, Ortiz and Armstrong","5277060805","christine87@moreno-henry.net","5501759.05","2021-07-12","2024-03-28","32","Advance","121"
"208","Duarte, Lopez and Farmer","+1-646-770-0674x70454","gavin71@fisher.com","1408263.7","2023-05-21","2027-01-30","19","30 days","74"
"209","Norman LLC","(496)221-7481x379","jeanettenavarro@brown.com","4354578.58","2021-06-06","2030-10-17","39","Advance","137"
"210","Moss, Smith and Miller","946-354-4204x43156","nguyenstephanie@williams.com","1100268.77","2023-08-02","2034-11-02","27","30 days","176"
"211","Baker, Daniels and Gardner","001-897-937-7554","floresjennifer@richardson.info","4335720.61","2023-10-12","2039-05-21","38","Milestone","49"
"212","Wong, Robbins and Moore","(814)435-7122","rhondacollins@ortega.com","2024392.25","2021-01-24","2033-11-17","28","Milestone","69"
"213","Cisneros, Mckay and Flores","424.639.4075","nmurray@thompson-horton.com","3674485.58","2023-06-25","2027-02-04","27","60 days","121"
"214","Warner and Sons","(450)273-6845x9024","lancefrazier@lyons-cruz.info","5376958.0","2022-05-26","2025-03-11","7","Advance","8"
"215","Gross-Riley","(910)669-8991","christophercollins@miller.com","7028889.2","2022-12-16","2036-06-05","28","30 days","164"
"216","Ryan, Davis and Evans","+1-491-356-2970x1472","ryan28@washington.com","1405783.12","2021-04-02","2033-02-28","29","30 days","40"
"217","Liu, Lewis and Perry","(833)838-1910x611","kathy72@harris.com","7156826.01","2022-12-21","2036-06-10","22","30 days","22"
"218","Wood and Sons","(954)633-7486","rwilliams@mckinney.com","3181297.42","2022-05-02","2037-09-10","23","Advance","111"
"219","Hammond, Bryant and Martinez","001-969-222-1859","taylorbryan@reynolds.org","6765992.89","2022-12-15","2037-05-30","23","Milestone","153"
"220","Jones-Munoz","+1-271-882-3406x8377","oallen@miller-martinez.info","4149128.56","2021-04-05","2035-08-20","19","30 days","178"
"221","Morrow LLC","(557)646-1751","derek16@henderson-clements.com","6911447.72","2022-07-06","2027-01-11","19","60 days","49"
"222","Hinton and Sons","686.400.8501","zcervantes@washington-tran.com","5336310.13","2021-05-19","2032-01-22","16","60 days","6"
"223","Raymond-Jefferson","518-465-3625x79164","matthewrodriguez@reyes.com","4118857.51","2022-09-13","2034-05-13","7","Advance","102"
"224","Kennedy-Simon","762.629.0122x917","kyle93@boyle-meyer.com","2569055.2","2023-04-05","2028-03-09","34","30 days","21"
"225","Wheeler Group","(312)538-4738","jeannerichardson@conley.com","7754381.79","2023-08-05","2031-01-25","23","Milestone","75"
"226","Mccoy-Johnson","9609273884","wchristensen@shepherd-bates.com","6427091.5","2022-05-20","2038-09-23","22","Advance","109"
"227","Murphy-Adams","+1-921-821-4091","blakegould@hill-allen.com","3111378.76","2023-04-15","2029-03-14","39","Milestone","2"
"228","Douglas-Patterson","(361)381-6249","ralph89@conley-johnson.com","1417116.39","2023-06-22","2032-05-05","20","60 days","154"
"229","Ross-Scott","(428)963-3458x47047","jeffreyparker@williams-russell.info","6258329.81","2021-04-11","2025-11-16","33","Advance","157"
"230","Johnson, Gonzalez and Salinas","275-892-3494x1086","ereid@lozano-jones.com","7920559.87","2023-05-06","2037-10-19","5","30 days","15"
"231","Clark-Jones","001-850-723-9824x558","robertosingh@maldonado.com","2303902.13","2022-06-24","2035-11-13","13","30 days","143"
"232","Young, Thompson and Garcia","966.550.1820x2633","robinsonchristopher@moore.org","7335318.27","2021-02-19","2030-08-31","14","30 days","84"
"233","Johnson, Calderon and Parker","709.642.6416x87320","gregory05@bryant.com","1090428.57","2023-09-28","2037-10-14","24","Milestone","53"
"234","Baird Inc","(938)354-0779","timothycalderon@rivera-thomas.com","7622429.41","2022-06-21","2025-02-05","8","60 days","161"
"235","Hayes Group","+1-963-429-3354","tracy05@cardenas-robinson.com","5988177.41","2020-12-10","2036-02-20","12","Advance","127"
"236","Morrison, Smith and Parrish","+1-474-387-7531","jennifer95@berry.com","2838110.21","2022-07-01","2033-08-02","5","30 days","101"
"237","Hudson Group","001-897-718-0700x9294","hendricksheather@hopkins-smith.com","2506591.4","2023-10-02","2026-12-15","26","30 days","68"
"238","Scott, Pineda and Hammond","424-814-4564","dsmith@ross.biz","5183139.3","2022-09-27","2034-10-24","18","60 days","169"
"239","Ramirez, Watts and Mann","(541)234-7661x654","dlester@burton-williams.com","4788706.41","2021-09-28","2035-05-18","18","Milestone","164"
"240","Frazier Inc","862.669.1416","michelehernandez@medina.com","7359599.94","2022-06-28","2036-09-12","22","60 days","103"
"241","Owens, Boyd and Pacheco","376.278.3057x588","wardrebecca@smith.biz","6153320.76","2023-10-01","2036-09-22","34","60 days","37"
"242","Nelson LLC","(593)404-8888","nweeks@young-wall.com","4368882.49","2022-03-06","2031-04-18","11","30 days","121"
"243","Bates, Fuller and Perez","579-554-8834x0596","ugraham@garcia-simon.com","7427770.15","2023-05-13","2038-08-22","22","Milestone","156"
"244","Schultz, Vasquez and Gould","539.821.8154x1933","murraycourtney@zhang.com","4782571.99","2021-07-09","2028-09-30","28","Milestone","19"
"245","Payne, Beard and Murray","001-209-553-6613x5989","williamsanthony@torres.com","6812510.2","2021-09-10","2032-04-15","28","Advance","139"
"246","Steele Inc","716.735.7976x96232","william07@white-thompson.com","6743446.95","2022-12-12","2027-09-17","8","60 days","39"
"247","Fox, Kline and Taylor","+1-824-290-9392","dunnsamuel@wood.org","7361639.39","2023-08-07","2038-09-17","14","60 days","33"
"248","Ferguson, Wilson and Anderson","263.573.4008x4638","jkeith@lewis-wallace.com","634056.05","2023-06-16","2033-08-22","1","30 days","158"
"249","Simmons, Brown and Lawson","(410)258-3021","ramirezjacob@lynch-hebert.info","4712175.38","2023-10-05","2027-08-15","29","Milestone","162"
"250","Rivera PLC","001-700-581-7032x69388","wperez@combs.com","3800301.47","2020-11-03","2024-02-16","22","Advance","103"
"251","Burke Ltd","+1-330-393-3352","patrick39@vasquez.com","3975284.83","2022-03-11","2026-11-15","12","60 days","60"
"252","Stewart and Sons","238.350.4030","qcook@mullen.info","3733293.77","2023-05-04","2029-03-03","1","60 days","109"
"253","Blackburn, Moore and Roberts","+1-944-764-4540x5755","michaelhernandez@roberts-cook.org","6715986.85","2023-07-20","2031-03-10","26","Milestone","22"
"254","Durham-Ellis","+1-210-208-4995x716","mwilliams@simpson-mack.com","2615619.89","2021-05-28","2033-05-25","34","Advance","53"
"255","Ward and Sons","(870)418-3565x8669","xgraham@hayes.com","3755733.54","2022-11-16","2032-08-25","37","60 days","8"
"256","Espinoza, Miles and Green","+1-932-880-3981x3233","conradalisha@johnson-mercado.com","1685392.09","2023-04-30","2033-04-07","25","30 days","37"
"257","Cowan, Lucero and Ware","6659963152","christopherpowell@nash.com","2088561.27","2021-04-24","2028-10-14","26","Milestone","145"
"258","Miller, Brown and Graham","461.521.8358","melanie79@irwin.biz","5317318.66","2023-09-14","2036-01-09","19","Milestone","144"
"259","Martinez-Miller","449-693-4454","ianlee@gray.com","1023793.91","2020-11-14","2026-06-16","13","60 days","163"
"260","Allen LLC","001-443-991-4319x6778","fross@nunez.com","1583792.31","2021-03-16","2028-10-05","12","Milestone","71"
"261","Higgins, Anderson and Moore","642.914.3541","mphillips@nguyen.com","4271473.02","2021-01-25","2036-01-07","20","30 days","45"
"262","Allen, Smith and Waters","+1-589-791-8596x0587","ricardo96@sullivan.com","445806.92","2023-09-12","2038-07-25","25","Milestone","74"
"263","Smith Inc","307-804-7405x35520","philip74@stanley-moyer.biz","1102723.3","2022-04-01","2034-07-27","32","30 days","151"
"264","Hall PLC","(781)665-8022x498","coleoliver@phelps.info","6920488.22","2021-10-28","2035-12-14","22","60 days","153"
"265","Downs, Green and Jarvis","3286226235","amandaclarke@campbell-rogers.com","6784559.45","2021-04-22","2036-08-31","15","Milestone","152"
"266","Scott, Avery and Mathis","(538)828-8023","mckinneylori@green.com","2847431.23","2022-03-21","2032-09-24","10","Milestone","75"
"267","Mcclain-Love","289.660.1621","dellis@salas.org","2849131.39","2021-05-07","2030-01-20","23","Advance","104"
"268","Thomas Inc","519.269.0539","teresa05@monroe.com","7498472.05","2023-06-17","2026-06-01","19","Advance","80"
"269","Ramirez LLC","+1-848-612-2994x2210","cruzshawna@wells.com","304145.0","2022-05-13","2034-08-08","14","Advance","39"
"270","Ware Ltd","732.746.6902","jamierodriguez@martin.com","4684334.55","2020-11-24","2023-08-11","24","Milestone","125"
"271","Andersen, Jackson and Thompson","843-703-0384x74661","lgarner@beltran.com","4819385.57","2021-08-08","2036-03-22","22","Advance","165"
"272","House Group","799-519-0317","michaelgray@morales.com","6324307.83","2021-09-08","2027-10-07","35","30 days","2"
"273","Browning-Smith","+1-303-338-0563x521","ibrown@murphy.com","7618829.07","2020-11-26","2024-09-06","6","Advance","65"
"274","Flores Inc","001-914-216-9736x54807","karencox@johnston.org","2911037.94","2022-12-11","2029-07-07","9","60 days","130"
"275","Wright-Rollins","(662)501-0486x3098","cisneroserika@forbes-hill.com","3558884.44","2020-12-23","2027-03-22","3","Advance","59"
"276","Jones-Wolf","911-227-6797x66452","wsmith@bryan-butler.com","5403258.0","2023-10-05","2035-06-04","11","Advance","102"
"277","Peck-Bailey","001-467-770-4551","fhenry@ayers.com","7741445.82","2022-11-28","2030-11-16","40","Milestone","77"
"278","Farrell, Johnson and Anderson","548.541.2957","smithchristopher@smith-galloway.biz","7137259.59","2020-11-02","2032-10-30","11","30 days","60"
"279","Whitney-Taylor","(981)206-0095x528","yatesmichelle@ortiz-drake.com","5369718.73","2021-06-12","2034-02-04","9","Advance","121"
"280","Carson Ltd","605.298.5565x24929","evansmichelle@gibson-mills.com","6868116.22","2023-02-17","2034-05-20","10","Milestone","144"
"281","Green-White","(608)920-7221","jacquelinewatson@tucker.com","773115.0","2021-04-01","2036-11-08","2","Milestone","128"
"282","Williams PLC","+1-297-387-7984x7877","ronaldsmith@walker.com","3079302.85","2022-06-02","2037-03-15","38","Advance","79"
"283","Dalton, Krause and Mills","001-527-984-5560","cory51@mendez-jordan.com","203430.72","2022-11-10","2028-02-12","15","30 days","19"
"284","Williams, Pierce and Wood","+1-818-793-2833x6360","martin32@cox-macias.com","1502030.68","2023-09-25","2031-01-16","9","Advance","4"
"285","Ortega-Ramirez","734.651.9040","markfarley@knight.info","5080891.31","2023-04-22","2038-04-03","19","60 days","31"
"286","Mitchell-Banks","(373)230-4749","joycarroll@villegas.biz","7095936.83","2023-01-13","2032-01-26","3","Advance","18"
"287","Kemp, Fisher and Kline","487-206-2569x8991","andreahays@walker-howard.info","5098964.45","2021-07-27","2034-08-18","1","Milestone","73"
"288","Cabrera-Johnson","(921)583-7307x8631","erobinson@medina.info","5346691.05","2022-07-27","2033-06-29","14","30 days","145"
"289","Hernandez, Anderson and Roberts","001-421-373-7982x7995","brianacole@reed.com","920190.68","2023-01-08","2027-12-13","25","Milestone","99"
"290","Smith Ltd","+1-478-614-4293x3091","isutton@glenn.com","5352397.88","2020-12-15","2025-10-20","12","Milestone","120"
"291","Anderson, Martinez and Mcintyre","+1-238-392-7935x7988","jwyatt@williams.info","3689339.07","2022-09-02","2034-01-02","35","60 days","26"
"292","Dougherty PLC","321-319-1001x378","davidbyrd@moore-miller.info","5246377.83","2021-03-28","2025-05-06","40","30 days","1"
"293","Hall-Dixon","001-699-336-8306x6161","cblanchard@peterson.com","2676767.57","2021-09-11","2033-01-11","27","Milestone","11"
"294","Williams Group","888.991.9565x80056","tracyserrano@lin-fischer.net","4693738.94","2021-07-26","2031-05-05","33","Advance","98"
"295","Cline, Alvarez and Lyons","(250)707-0138x7202","fcohen@jensen.org","3450147.44","2021-06-19","2029-07-07","39","60 days","166"
"296","Lewis, Watkins and Foster","+1-534-874-5579x5157","ibradley@moore.com","4513232.74","2022-06-30","2025-09-12","39","Advance","35"
"297","Williams-Collins","(862)322-2536","lopezstephanie@lutz.com","1262007.19","2020-12-09","2034-04-30","35","60 days","51"
"298","Sawyer PLC","001-225-249-1677","dennis84@butler.com","3227016.34","2022-02-22","2025-01-07","22","Milestone","96"
"299","Wilson LLC","636.627.5947x715","gonzalezmonique@cox-barton.com","3056801.39","2022-01-31","2033-06-02","13","Milestone","103"
"300","Pacheco, Choi and Gray","594-484-9961x54105","amanda72@tucker.com","5917516.71","2022-02-26","2026-02-05","27","30 days","165"
